Timestamp, Data
03.08.2023 17:31:49,1
03.08.2023 17:31:50,1
03.08.2023 17:31:50,1
03.08.2023 17:31:50,1
03.08.2023 17:31:50,1
03.08.2023 17:31:50,1
03.08.2023 17:31:50,1
03.08.2023 17:31:50,1
03.08.2023 17:31:50,1
03.08.2023 17:31:50,1
03.08.2023 17:31:50,1
03.08.2023 17:31:50,1
03.08.2023 17:31:50,1
03.08.2023 17:31:50,1
03.08.2023 17:31:50,1
03.08.2023 17:31:50,1
03.08.2023 17:31:50,1
03.08.2023 17:31:50,1
03.08.2023 17:31:50,1
03.08.2023 17:31:50,1
03.08.2023 17:31:50,1
03.08.2023 17:31:50,1
03.08.2023 17:31:50,1
03.08.2023 17:31:50,1
03.08.2023 17:31:50,1
03.08.2023 17:31:50,1
03.08.2023 17:31:50,1
03.08.2023 17:31:50,1
03.08.2023 17:31:50,1
03.08.2023 17:31:50,1
03.08.2023 17:31:50,1
03.08.2023 17:31:50,1
03.08.2023 17:31:50,1
03.08.2023 17:31:50,1
03.08.2023 17:31:50,1
03.08.2023 17:31:50,1
03.08.2023 17:31:51,1
03.08.2023 17:31:51,1
03.08.2023 17:31:51,1
03.08.2023 17:31:51,1
03.08.2023 17:31:51,1
03.08.2023 17:31:51,1
03.08.2023 17:31:51,1
03.08.2023 17:31:51,1
03.08.2023 17:31:51,1
03.08.2023 17:31:51,1
03.08.2023 17:31:51,1
03.08.2023 17:31:51,1
03.08.2023 17:31:51,1
03.08.2023 17:31:51,1
03.08.2023 17:31:51,1
03.08.2023 17:31:51,1
03.08.2023 17:31:51,1
03.08.2023 17:31:51,1
03.08.2023 17:31:51,1
03.08.2023 17:31:51,1
03.08.2023 17:31:51,1
03.08.2023 17:31:51,1
03.08.2023 17:31:51,1
03.08.2023 17:31:51,1
03.08.2023 17:31:51,1
03.08.2023 17:31:51,1
03.08.2023 17:31:51,1
03.08.2023 17:31:51,1
03.08.2023 17:31:51,1
03.08.2023 17:31:51,1
03.08.2023 17:31:51,1
03.08.2023 17:31:51,1
03.08.2023 17:31:51,1
03.08.2023 17:31:51,1
03.08.2023 17:31:51,1
03.08.2023 17:31:51,1
03.08.2023 17:31:51,1
03.08.2023 17:31:51,1
03.08.2023 17:31:51,1
03.08.2023 17:31:51,1
03.08.2023 17:31:51,1
03.08.2023 17:31:51,1
03.08.2023 17:31:51,1
03.08.2023 17:31:51,1
03.08.2023 17:31:51,1
03.08.2023 17:31:51,1
03.08.2023 17:31:51,1
03.08.2023 17:31:51,1
03.08.2023 17:31:51,1
03.08.2023 17:31:51,1
03.08.2023 17:31:51,1
03.08.2023 17:31:51,1
03.08.2023 17:31:51,1
03.08.2023 17:31:51,1
03.08.2023 17:31:51,1
03.08.2023 17:31:51,1
03.08.2023 17:31:51,1
03.08.2023 17:31:51,1
03.08.2023 17:31:51,1
03.08.2023 17:31:51,1
03.08.2023 17:31:51,1
03.08.2023 17:31:51,1
03.08.2023 17:31:51,1
03.08.2023 17:31:51,1
03.08.2023 17:31:51,1
03.08.2023 17:31:51,1
03.08.2023 17:31:51,1
03.08.2023 17:31:51,1
03.08.2023 17:31:51,1
03.08.2023 17:31:51,1
03.08.2023 17:31:51,1
03.08.2023 17:31:51,1
03.08.2023 17:31:51,1
03.08.2023 17:31:51,1
03.08.2023 17:31:51,1
03.08.2023 17:31:51,1
03.08.2023 17:31:51,1
03.08.2023 17:31:51,1
03.08.2023 17:31:51,1
03.08.2023 17:31:51,1
03.08.2023 17:31:51,1
03.08.2023 17:31:51,1
03.08.2023 17:31:51,1
03.08.2023 17:31:51,1
03.08.2023 17:31:51,1
03.08.2023 17:31:51,1
03.08.2023 17:31:51,1
03.08.2023 17:31:51,1
03.08.2023 17:31:51,1
03.08.2023 17:31:51,1
03.08.2023 17:31:51,1
03.08.2023 17:31:51,1
03.08.2023 17:31:51,1
03.08.2023 17:31:51,1
03.08.2023 17:31:51,1
03.08.2023 17:31:51,1
03.08.2023 17:31:51,1
03.08.2023 17:31:51,1
03.08.2023 17:31:51,1
03.08.2023 17:31:51,1
03.08.2023 17:31:51,1
03.08.2023 17:31:51,1
03.08.2023 17:31:51,1
03.08.2023 17:31:51,1
03.08.2023 17:31:51,1
03.08.2023 17:31:51,1
03.08.2023 17:31:51,1
03.08.2023 17:31:51,1
03.08.2023 17:31:51,1
03.08.2023 17:31:51,1
03.08.2023 17:31:51,1
03.08.2023 17:31:51,1
03.08.2023 17:31:51,1
03.08.2023 17:31:51,1
03.08.2023 17:31:51,1
03.08.2023 17:31:51,1
03.08.2023 17:31:51,1
03.08.2023 17:31:51,1
03.08.2023 17:31:51,1
03.08.2023 17:31:51,1
03.08.2023 17:31:51,1
03.08.2023 17:31:51,1
03.08.2023 17:31:51,1
03.08.2023 17:31:51,1
03.08.2023 17:31:51,1
03.08.2023 17:31:51,1
03.08.2023 17:31:51,1
03.08.2023 17:31:51,1
03.08.2023 17:31:51,1
03.08.2023 17:31:51,1
03.08.2023 17:31:51,1
03.08.2023 17:31:51,1
03.08.2023 17:31:51,1
03.08.2023 17:31:51,1
03.08.2023 17:31:51,1
03.08.2023 17:31:51,1
03.08.2023 17:31:51,1
03.08.2023 17:31:51,1
03.08.2023 17:31:51,1
03.08.2023 17:31:51,1
03.08.2023 17:31:51,1
03.08.2023 17:31:51,1
03.08.2023 17:31:51,1
03.08.2023 17:31:51,1
03.08.2023 17:31:51,1
03.08.2023 17:31:51,1
03.08.2023 17:31:51,1
03.08.2023 17:31:51,1
03.08.2023 17:31:51,1
03.08.2023 17:31:52,1
03.08.2023 17:31:52,1
03.08.2023 17:31:52,1
03.08.2023 17:31:52,1
03.08.2023 17:31:52,1
03.08.2023 17:31:52,1
03.08.2023 17:31:52,1
03.08.2023 17:31:52,1
03.08.2023 17:31:52,1
03.08.2023 17:31:52,1
03.08.2023 17:31:52,1
03.08.2023 17:31:52,1
03.08.2023 17:31:52,1
03.08.2023 17:31:52,1
03.08.2023 17:31:52,1
03.08.2023 17:31:52,1
03.08.2023 17:31:52,1
03.08.2023 17:31:52,1
03.08.2023 17:31:52,1
03.08.2023 17:31:52,1
03.08.2023 17:31:52,1
03.08.2023 17:31:52,1
03.08.2023 17:31:52,1
03.08.2023 17:31:52,1
03.08.2023 17:31:52,1
03.08.2023 17:31:52,1
03.08.2023 17:31:52,1
03.08.2023 17:31:52,1
03.08.2023 17:31:52,1
03.08.2023 17:31:52,1
03.08.2023 17:31:52,1
03.08.2023 17:31:52,1
03.08.2023 17:31:52,1
03.08.2023 17:31:52,1
03.08.2023 17:31:52,1
03.08.2023 17:31:52,1
03.08.2023 17:31:52,1
03.08.2023 17:31:52,1
03.08.2023 17:31:52,1
03.08.2023 17:31:52,1
03.08.2023 17:31:52,1
03.08.2023 17:31:52,1
03.08.2023 17:31:52,1
03.08.2023 17:31:52,1
03.08.2023 17:31:52,1
03.08.2023 17:31:52,1
03.08.2023 17:31:52,1
03.08.2023 17:31:52,1
03.08.2023 17:31:52,1
03.08.2023 17:31:52,1
03.08.2023 17:31:52,1
03.08.2023 17:31:52,1
03.08.2023 17:31:52,1
03.08.2023 17:31:52,1
03.08.2023 17:31:52,1
03.08.2023 17:31:52,1
03.08.2023 17:31:52,1
03.08.2023 17:31:52,1
03.08.2023 17:31:52,1
03.08.2023 17:31:52,1
03.08.2023 17:31:52,1
03.08.2023 17:31:52,1
03.08.2023 17:31:52,1
03.08.2023 17:31:52,1
03.08.2023 17:31:52,1
03.08.2023 17:31:52,1
03.08.2023 17:31:52,1
03.08.2023 17:31:52,1
03.08.2023 17:31:52,1
03.08.2023 17:31:52,1
03.08.2023 17:31:52,1
03.08.2023 17:31:52,1
03.08.2023 17:31:52,1
03.08.2023 17:31:52,1
03.08.2023 17:31:52,1
03.08.2023 17:31:52,1
03.08.2023 17:31:52,1
03.08.2023 17:31:52,1
03.08.2023 17:31:52,1
03.08.2023 17:31:52,1
03.08.2023 17:31:52,1
03.08.2023 17:31:52,1
03.08.2023 17:31:52,1
03.08.2023 17:31:52,1
03.08.2023 17:31:52,1
03.08.2023 17:31:52,1
03.08.2023 17:31:52,1
03.08.2023 17:31:52,1
03.08.2023 17:31:52,1
03.08.2023 17:31:52,1
03.08.2023 17:31:52,1
03.08.2023 17:31:52,1
03.08.2023 17:31:52,1
03.08.2023 17:31:52,1
03.08.2023 17:31:52,1
03.08.2023 17:31:52,1
03.08.2023 17:31:52,1
03.08.2023 17:31:52,1
03.08.2023 17:31:52,1
03.08.2023 17:31:52,1
03.08.2023 17:31:52,1
03.08.2023 17:31:52,1
03.08.2023 17:31:52,1
03.08.2023 17:31:52,1
03.08.2023 17:31:52,1
03.08.2023 17:31:52,1
03.08.2023 17:31:52,1
03.08.2023 17:31:52,1
03.08.2023 17:31:52,1
03.08.2023 17:31:52,1
03.08.2023 17:31:52,1
03.08.2023 17:31:52,1
03.08.2023 17:31:52,1
03.08.2023 17:31:52,1
03.08.2023 17:31:52,1
03.08.2023 17:31:52,1
03.08.2023 17:31:52,1
03.08.2023 17:31:52,1
03.08.2023 17:31:52,1
03.08.2023 17:31:52,1
03.08.2023 17:31:52,1
03.08.2023 17:31:52,1
03.08.2023 17:31:52,1
03.08.2023 17:31:52,1
03.08.2023 17:31:52,1
03.08.2023 17:31:52,1
03.08.2023 17:31:52,1
03.08.2023 17:31:52,1
03.08.2023 17:31:52,1
03.08.2023 17:31:52,1
03.08.2023 17:31:52,1
03.08.2023 17:31:52,1
03.08.2023 17:31:52,1
03.08.2023 17:31:52,1
03.08.2023 17:31:52,1
03.08.2023 17:31:52,1
03.08.2023 17:31:52,1
03.08.2023 17:31:52,1
03.08.2023 17:31:52,1
03.08.2023 17:31:52,1
03.08.2023 17:31:52,1
03.08.2023 17:31:52,1
03.08.2023 17:31:52,1
03.08.2023 17:31:52,1
03.08.2023 17:31:52,1
03.08.2023 17:31:52,1
03.08.2023 17:31:52,1
03.08.2023 17:31:52,1
03.08.2023 17:31:52,1
03.08.2023 17:31:52,1
03.08.2023 17:31:52,1
03.08.2023 17:31:53,1
03.08.2023 17:31:53,1
03.08.2023 17:31:53,1
03.08.2023 17:31:53,1
03.08.2023 17:31:53,1
03.08.2023 17:31:53,1
03.08.2023 17:31:53,1
03.08.2023 17:31:53,1
03.08.2023 17:31:53,1
03.08.2023 17:31:53,1
03.08.2023 17:31:53,1
03.08.2023 17:31:53,1
03.08.2023 17:31:53,1
03.08.2023 17:31:53,1
03.08.2023 17:31:53,1
03.08.2023 17:31:53,1
03.08.2023 17:31:53,1
03.08.2023 17:31:53,1
03.08.2023 17:31:53,1
03.08.2023 17:31:53,1
03.08.2023 17:31:53,1
03.08.2023 17:31:53,1
03.08.2023 17:31:53,1
03.08.2023 17:31:53,1
03.08.2023 17:31:53,1
03.08.2023 17:31:53,1
03.08.2023 17:31:53,1
03.08.2023 17:31:53,1
03.08.2023 17:31:53,1
03.08.2023 17:31:53,1
03.08.2023 17:31:53,1
03.08.2023 17:31:53,1
03.08.2023 17:31:53,1
03.08.2023 17:31:53,1
03.08.2023 17:31:53,1
03.08.2023 17:31:53,1
03.08.2023 17:31:53,1
03.08.2023 17:31:53,1
03.08.2023 17:31:53,1
03.08.2023 17:31:53,1
03.08.2023 17:31:53,1
03.08.2023 17:31:53,1
03.08.2023 17:31:53,1
03.08.2023 17:31:53,1
03.08.2023 17:31:53,1
03.08.2023 17:31:53,1
03.08.2023 17:31:53,1
03.08.2023 17:31:53,1
03.08.2023 17:31:53,1
03.08.2023 17:31:53,1
03.08.2023 17:31:53,1
03.08.2023 17:31:53,1
03.08.2023 17:31:53,1
03.08.2023 17:31:53,1
03.08.2023 17:31:53,1
03.08.2023 17:31:53,1
03.08.2023 17:31:53,1
03.08.2023 17:31:53,1
03.08.2023 17:31:53,1
03.08.2023 17:31:53,1
03.08.2023 17:31:53,1
03.08.2023 17:31:53,1
03.08.2023 17:31:53,1
03.08.2023 17:31:53,1
03.08.2023 17:31:53,1
03.08.2023 17:31:53,1
03.08.2023 17:31:53,1
03.08.2023 17:31:53,1
03.08.2023 17:31:53,1
03.08.2023 17:31:53,1
03.08.2023 17:31:53,1
03.08.2023 17:31:53,1
03.08.2023 17:31:53,1
03.08.2023 17:31:53,1
03.08.2023 17:31:53,1
03.08.2023 17:31:53,1
03.08.2023 17:31:53,1
03.08.2023 17:31:53,1
03.08.2023 17:31:53,1
03.08.2023 17:31:53,1
03.08.2023 17:31:53,1
03.08.2023 17:31:53,1
03.08.2023 17:31:53,1
03.08.2023 17:31:53,1
03.08.2023 17:31:53,1
03.08.2023 17:31:53,1
03.08.2023 17:31:53,1
03.08.2023 17:31:53,1
03.08.2023 17:31:53,1
03.08.2023 17:31:53,1
03.08.2023 17:31:53,1
03.08.2023 17:31:53,1
03.08.2023 17:31:53,1
03.08.2023 17:31:53,1
03.08.2023 17:31:53,1
03.08.2023 17:31:53,1
03.08.2023 17:31:53,1
03.08.2023 17:31:53,1
03.08.2023 17:31:53,1
03.08.2023 17:31:53,1
03.08.2023 17:31:53,1
03.08.2023 17:31:53,1
03.08.2023 17:31:53,1
03.08.2023 17:31:53,1
03.08.2023 17:31:53,1
03.08.2023 17:31:53,1
03.08.2023 17:31:53,1
03.08.2023 17:31:53,1
03.08.2023 17:31:53,1
03.08.2023 17:31:53,1
03.08.2023 17:31:53,1
03.08.2023 17:31:53,1
03.08.2023 17:31:53,1
03.08.2023 17:31:53,1
03.08.2023 17:31:53,1
03.08.2023 17:31:53,1
03.08.2023 17:31:53,1
03.08.2023 17:31:53,1
03.08.2023 17:31:53,1
03.08.2023 17:31:53,1
03.08.2023 17:31:53,1
03.08.2023 17:31:53,1
03.08.2023 17:31:53,1
03.08.2023 17:31:53,1
03.08.2023 17:31:53,1
03.08.2023 17:31:53,1
03.08.2023 17:31:53,1
03.08.2023 17:31:53,1
03.08.2023 17:31:53,1
03.08.2023 17:31:53,1
03.08.2023 17:31:53,1
03.08.2023 17:31:53,1
03.08.2023 17:31:53,1
03.08.2023 17:31:53,1
03.08.2023 17:31:53,1
03.08.2023 17:31:53,1
03.08.2023 17:31:53,1
03.08.2023 17:31:53,1
03.08.2023 17:31:53,1
03.08.2023 17:31:53,1
03.08.2023 17:31:53,1
03.08.2023 17:31:53,1
03.08.2023 17:31:53,1
03.08.2023 17:31:53,1
03.08.2023 17:31:53,1
03.08.2023 17:31:53,1
03.08.2023 17:31:53,1
03.08.2023 17:31:53,1
03.08.2023 17:31:53,1
03.08.2023 17:31:53,1
03.08.2023 17:31:53,1
03.08.2023 17:31:54,1
03.08.2023 17:31:54,1
03.08.2023 17:31:54,1
03.08.2023 17:31:54,1
03.08.2023 17:31:54,1
03.08.2023 17:31:54,1
03.08.2023 17:31:54,1
03.08.2023 17:31:54,1
03.08.2023 17:31:54,1
03.08.2023 17:31:54,1
03.08.2023 17:31:54,1
03.08.2023 17:31:54,1
03.08.2023 17:31:54,1
03.08.2023 17:31:54,1
03.08.2023 17:31:54,1
03.08.2023 17:31:54,1
03.08.2023 17:31:54,1
03.08.2023 17:31:54,1
03.08.2023 17:31:54,1
03.08.2023 17:31:54,1
03.08.2023 17:31:54,1
03.08.2023 17:31:54,1
03.08.2023 17:31:54,1
03.08.2023 17:31:54,1
03.08.2023 17:31:54,1
03.08.2023 17:31:54,1
03.08.2023 17:31:54,1
03.08.2023 17:31:54,1
03.08.2023 17:31:54,1
03.08.2023 17:31:54,1
03.08.2023 17:31:54,1
03.08.2023 17:31:54,1
03.08.2023 17:31:54,1
03.08.2023 17:31:54,1
03.08.2023 17:31:54,1
03.08.2023 17:31:54,1
03.08.2023 17:31:54,1
03.08.2023 17:31:54,1
03.08.2023 17:31:54,1
03.08.2023 17:31:54,1
03.08.2023 17:31:54,1
03.08.2023 17:31:54,1
03.08.2023 17:31:54,1
03.08.2023 17:31:54,1
03.08.2023 17:31:54,1
03.08.2023 17:31:54,1
03.08.2023 17:31:54,1
03.08.2023 17:31:54,1
03.08.2023 17:31:54,1
03.08.2023 17:31:54,1
03.08.2023 17:31:54,1
03.08.2023 17:31:54,1
03.08.2023 17:31:54,1
03.08.2023 17:31:54,1
03.08.2023 17:31:54,1
03.08.2023 17:31:54,1
03.08.2023 17:31:54,1
03.08.2023 17:31:54,1
03.08.2023 17:31:54,1
03.08.2023 17:31:54,1
03.08.2023 17:31:54,1
03.08.2023 17:31:54,1
03.08.2023 17:31:54,1
